Business Name,Service,Website,Phone,Email
ibude,,,,ibudeprecious87@gmail.com
"Atlanta Internet Marketing, Advertsing & Se0",Marketing Agencies,,(404) 941-0487,support@rennellgarrett.com
Dome Of Art,Marketing Agencies,,(404) 585-7707,maxrusoatl@gmail.com
Daneil Fletcher Copywriting And Marketing,Marketing Agencies,,(912) 335-7084,daneilfletcher@gmail.com
Social Butterfly Marketing,Marketing Agencies,http://www.socialbutterflymarketing.net/,(404) 644-0355,Don@SocialButterflyMarketing.net
Mass Media Marketing,Marketing Agencies,http://m3agency.com/,(706) 651-0053,rick@m3agency.com
Searchdog Marketing,Marketing Agencies,http://www.searchdogmarketing.com/,(404) 627-0612,support@searchdogmarketing.com
Imediad.Com,Marketing Agencies,,(404) 721-4005,info@imediad.com
98Togo,Marketing Agencies,http://www.98togo.com/,(404) 382-9820,info@98togo.com
Inbound Team,Marketing Agencies,http://www.inboundteam.com/,(800) 609-9669,sales@inboundteam.com
Vert,Marketing Agencies,http://vertdigital.com/,(866) 275-7555,agency@vertmob.com
Revlocal,Marketing Agencies,http://www.revlocal.com/,(678) 608-0318,sales@revlocal.com
Great Advancement,Marketing Agencies,http://www.greatadvancement.com/,(770) 827-4645,info@greatadvancement.com
Enterprice Solutions,Marketing Agencies,,(770) 695-7399,info@enterpricesolutions.com
Network Marketing Monster,Marketing Agencies,,(912) 387-6348,king012005@yahoo.com
Zigio,Marketing Agencies,http://www.zigio.com/,(678) 662-6557,info@zigio.com
Cheap Fast Web.Com,Marketing Agencies,,(647) 987-9737,info@cheapfastweb.com
Healthy Living Nation,Marketing Agencies,,(770) 852-6900,info@healthylivingnation.com
Enrich Digital,Marketing Agencies,,(404) 750-9298,info@enrichdigitalmktg.com
Square One Consulting,Marketing Agencies,,(404) 909-0941,agazmararian@gmail.com
Advantage Local Agency,Marketing Agencies,,(404) 806-7284,info@advantagelocalagency.com
Rep 24/7,Marketing Agencies,http://www.rep-247.com/,(866) 429-2958,marcus@rep-247.com
Carls Traffic/Traffic Authority,Marketing Agencies,http://www.trafficauthority.net/,(678) 591-5321,quickcarl1@outlook.com
Local Marketing Inc,Marketing Agencies,http://www.localmarketinginc.com/,(404) 917-2100,cdaniels@localmarketinginc.com
Local Site Seo,Marketing Agencies,,(404) 920-4995,andrevan_wyk@hotmail.com
Great Advancement,Marketing Agencies,http://www.greatadvancement.com/,(770) 827-4645,info@greatadvancement.com
Network Marketing Monster,Marketing Agencies,,(912) 387-6348,king012005@yahoo.com
5Linx Enterprises - Optimistic Young Entrepreneurs,Marketing Agencies,,(912) 248-6786,oye8ocho@comcast.net
"March 4Ward, Llc",Marketing Agencies,http://www.march4ward.com/,(678) 322-8340,info@march4ward.com
Newman Web Solutions Agency,Marketing Agencies,https://www.newmanwebsolutions.com/atlanta-web-design-seo,(404) 301-9189,info@newmanwebsolutions.com
Tom Bianco Digital Strategist,Marketing Agencies,http://www.tom-bianco.com/,(404) 824-7622,tom@thryvatlanta.com
Defiant Ones Marketing,Marketing Agencies,http://www.defiantonesmarketing.com/,(470) 203-6439,info@defiantonesmarketing.com
Kadake Empire,Marketing Agencies,http://www.kadakeempire.com/kadake,(214) 628-7395,info@kadakeempire.com
Craigads,Marketing Agencies,http://www.craigads.com/,(770) 406-6101,craig@craigads.com
Seo Guru Atlanta,Marketing Agencies,https://www.seoguruatlanta.com/,(404) 620-6771,jeff@seoguruatlanta.com
Infinitee Inc,Marketing Agencies,http://infinitee.com/,(404) 231-3481,jocelyn@infinitee.com
Daneil Fletcher Copywriting And Marketing,Marketing Agencies,,(912) 335-7084,daneilfletcher@gmail.com
Social Butterfly Marketing,Marketing Agencies,http://www.socialbutterflymarketing.net/,(404) 644-0355,Don@SocialButterflyMarketing.net
Mass Media Marketing,Marketing Agencies,http://m3agency.com/,(706) 651-0053,rick@m3agency.com
Davis Marketing Professionals,Marketing Agencies,,(770) 540-7441,ross@davismarketingpros.com
Local Site Seo,Marketing Agencies,,(404) 920-4995,andrevan_wyk@hotmail.com
Direction Marketing Llc,Marketing Agencies,http://www.direction.com/,(706) 744-4894,connect@direction.com
Sugoi,Marketing Agencies,https://www.sugoi.solutions/,(912) 417-9630,hello@sugoi.solutions
Addicted To Black,Marketing Agencies,http://www.addictdtoblack.com/,(404) 596-0033,joinus@addictedtoblack.com
Kontrive Media,Marketing Agencies,http://www.kontrive.com/,(770) 702-3073,sales@kontrive.com
Georgia Business Center,Marketing Agencies,,(404) 287-1914,diamonddgrier@gmail.com
Morton Vardeman And Carlson Inc,Marketing Agencies,http://www.vardeman.com/,(770) 536-8921,cindy@vardeman.com
Marketing Workshop,Marketing Agencies,http://www.mwshop.com/,(770) 449-6767,Questions@mwshop.com
Compass Marketing Research,Marketing Agencies,http://www.cmrcompass.com/,(770) 448-0754,Taylor-Scott@cmrcompass.com
Getuwired,Marketing Agencies,https://getuwired.com/,(470) 826-6887,consult@getuwired.com
Start Smart Now,Marketing Agencies,https://startsmartnow.com/,(346) 742-0857,support@startsmartnow.com
Bedlam Creative Marketing Agency,Marketing Agencies,http://bedlamcreative.com/,(770) 742-9353,hello@bedlamcreative.com
Brady Mills - Atlanta Web Design & Digital Marketing Agency,Marketing Agencies,https://www.bradymills.com/,(888) 482-3666,brady@bradymills.com
Sharitz Marketing Solutions,Marketing Agencies,http://www.sharitzgroup.com/,(404) 766-0115,tj@sharitz.com
"Ipro Media Group, Llc",Marketing Agencies,http://www.getipmg.com/,(404) 565-4764,info@ipromediagroup.com
"Vert Mobile, Llc",Marketing Agencies,http://www.vertmob.com/,(770) 496-8378,agency@vertmob.com
Hothead Studios,Marketing Agencies,,(404) 577-5598,hq@hotheadstudios.com
Cheep Cheep Postcards - Direct Mail Advertising,Marketing Agencies,http://www.cheep-cheep.com/index.html,(888) 222-4337,sales@cheep-cheeppostcards.com
